date,sales,promotions,holidays,economic_indicators
2021-01-01,246,1,0,95.056
2021-01-02,187,1,0,96.946
2021-01-03,193,0,0,87.965
2021-01-04,190,0,0,107.775
2021-01-05,155,0,0,79.497
2021-01-06,184,1,0,93.029
2021-01-07,213,0,0,99.538
2021-01-08,214,1,0,112.998
2021-01-09,158,0,0,94.548
2021-01-10,170,0,0,104.279
2021-01-11,180,0,0,99.19
2021-01-12,215,1,0,109.451
2021-01-13,223,0,0,103.756
2021-01-14,189,1,0,108.302
2021-01-15,227,0,0,94.494
2021-01-16,220,0,0,89.86
2021-01-17,187,0,0,103.671
2021-01-18,197,0,0,95.123
2021-01-19,180,0,0,100.303
2021-01-20,184,0,0,103.173
2021-01-21,225,0,0,112.419
2021-01-22,200,0,0,107.866
2021-01-23,214,0,0,93.19
2021-01-24,217,0,0,88.55
2021-01-25,181,0,0,117.074
2021-01-26,239,0,0,84.173
2021-01-27,153,0,0,95.475
2021-01-28,191,0,0,106.452
2021-01-29,176,1,0,116.388
2021-01-30,232,0,0,98.103
2021-01-31,214,0,0,100.273
2021-02-01,180,0,0,91.25
2021-02-02,234,1,0,101.266
2021-02-03,240,0,0,88.498
2021-02-04,194,1,0,92.497
2021-02-05,185,0,0,107.639
2021-02-06,183,0,0,95.664
2021-02-07,228,0,1,109.172
2021-02-08,187,0,0,98.465
2021-02-09,212,0,0,86.312
2021-02-10,206,0,0,111.684
2021-02-11,181,1,0,86.847
2021-02-12,213,0,0,93.982
2021-02-13,162,0,0,98.003
2021-02-14,226,0,0,110.058
2021-02-15,201,0,0,94.735
2021-02-16,202,0,0,90.733
2021-02-17,194,0,0,101.627
2021-02-18,203,0,0,97.86
2021-02-19,211,0,0,95.326
2021-02-20,218,0,0,102.165
2021-02-21,169,0,0,87.964
2021-02-22,197,0,0,82.782
2021-02-23,230,0,0,121.387
2021-02-24,188,0,0,101.042
2021-02-25,188,0,0,101.742
2021-02-26,193,0,0,92.18
2021-02-27,176,0,1,108.977
2021-02-28,186,0,0,94.665
2021-03-01,202,1,0,72.139
2021-03-02,227,1,0,94.33
2021-03-03,156,1,0,97.186
2021-03-04,194,0,0,98.299
2021-03-05,190,0,0,98.01
2021-03-06,149,0,0,93.551
2021-03-07,152,0,0,92.585
2021-03-08,152,0,0,97.02
2021-03-09,235,0,0,83.545
2021-03-10,183,1,0,80.424
2021-03-11,181,0,0,100.981
2021-03-12,192,0,0,101.147
2021-03-13,193,0,0,108.794
2021-03-14,200,0,0,97.444
2021-03-15,229,0,0,88.064
2021-03-16,206,0,0,80.604
2021-03-17,243,1,0,91.098
2021-03-18,208,0,0,104.225
2021-03-19,201,0,0,114.414
2021-03-20,195,1,0,100.541
2021-03-21,189,0,0,87.864
2021-03-22,203,0,0,91.201
2021-03-23,187,0,0,91.513
2021-03-24,235,0,0,95.94
2021-03-25,207,0,0,111.209
2021-03-26,273,0,0,111.989
2021-03-27,216,0,0,98.277
2021-03-28,182,0,0,101.831
2021-03-29,216,0,0,92.024
2021-03-30,222,0,0,82.901
2021-03-31,190,0,0,117.883
2021-04-01,200,0,0,76.775
2021-04-02,190,0,0,81.642
2021-04-03,223,0,0,117.964
2021-04-04,195,0,0,100.166
2021-04-05,148,0,0,88.741
2021-04-06,126,0,0,106.827
2021-04-07,217,0,0,107.731
2021-04-08,196,0,0,86.673
2021-04-09,200,0,0,94.672
2021-04-10,187,0,0,108.762
2021-04-11,175,1,0,91.831
2021-04-12,198,0,0,102.822
2021-04-13,174,0,0,114.248
2021-04-14,219,1,0,76.075
2021-04-15,211,0,0,96.588
2021-04-16,176,0,1,102.616
2021-04-17,210,0,0,82.08
2021-04-18,201,1,0,94.704
2021-04-19,245,1,0,110.445
2021-04-20,217,0,0,92.957
2021-04-21,180,0,0,85.157
2021-04-22,250,0,0,111.308
2021-04-23,167,0,0,104.445
2021-04-24,188,0,0,99.311
2021-04-25,221,0,0,99.016
2021-04-26,142,0,0,110.283
2021-04-27,236,1,0,102.945
2021-04-28,244,0,0,106.456
2021-04-29,241,0,0,93.074
2021-04-30,195,0,0,80.826
2021-05-01,198,0,0,106.219
2021-05-02,229,1,0,111.009
2021-05-03,206,0,1,97.754
2021-05-04,182,0,0,108.878
2021-05-05,220,1,0,96.648
2021-05-06,184,0,0,99.093
2021-05-07,211,0,0,117.524
2021-05-08,195,0,0,97.085
2021-05-09,168,0,0,96.494
2021-05-10,173,0,0,81.3
2021-05-11,201,0,0,106.901
2021-05-12,191,0,0,92.902
2021-05-13,198,1,0,101.472
2021-05-14,191,1,0,96.85
2021-05-15,186,0,0,95.542
2021-05-16,223,0,0,98.823
2021-05-17,155,1,0,99.591
2021-05-18,199,0,0,111.761
2021-05-19,197,0,0,115.202
2021-05-20,193,0,0,106.507
2021-05-21,200,0,0,112.716
2021-05-22,216,0,0,108.541
2021-05-23,192,0,0,104.946
2021-05-24,212,0,0,114.551
2021-05-25,205,0,0,86.915
2021-05-26,198,1,0,93.155
2021-05-27,174,0,0,91.791
2021-05-28,223,0,0,96.986
2021-05-29,214,0,0,106.859
2021-05-30,193,0,0,88.849
2021-05-31,161,0,1,105.028
2021-06-01,204,0,0,94.129
2021-06-02,206,0,0,96.529
2021-06-03,158,0,0,102.004
2021-06-04,185,0,0,116.812
2021-06-05,205,0,0,92.877
2021-06-06,164,0,1,99.199
2021-06-07,202,0,0,89.218
2021-06-08,212,1,0,92.781
2021-06-09,229,0,0,89.127
2021-06-10,184,0,0,102.448
2021-06-11,215,0,0,104.253
2021-06-12,165,0,0,106.87
2021-06-13,171,0,0,92.464
2021-06-14,205,0,0,105.079
2021-06-15,200,0,0,101.131
2021-06-16,203,1,0,99.422
2021-06-17,224,0,0,87.586
2021-06-18,196,0,0,101.533
2021-06-19,192,0,0,101.85
2021-06-20,207,0,0,101.017
2021-06-21,155,0,0,104.001
2021-06-22,216,1,0,106.946
2021-06-23,187,0,0,89.02
2021-06-24,231,1,0,97.833
2021-06-25,216,0,0,105.158
2021-06-26,183,0,0,97.316
2021-06-27,199,0,0,109.594
2021-06-28,205,0,0,100.902
2021-06-29,199,0,0,80.451
2021-06-30,165,0,0,108.394
2021-07-01,199,0,0,98.829
2021-07-02,184,0,0,82.303
2021-07-03,199,0,0,97.477
2021-07-04,202,0,0,87.316
2021-07-05,152,0,0,107.531
2021-07-06,190,0,0,99.642
2021-07-07,209,0,0,90.763
2021-07-08,198,0,0,108.108
2021-07-09,187,0,0,104.585
2021-07-10,168,1,0,97.642
2021-07-11,175,1,0,87.544
2021-07-12,168,0,0,91.575
2021-07-13,200,0,0,91.425
2021-07-14,198,0,0,107.465
2021-07-15,170,1,0,83.191
2021-07-16,166,0,0,99.528
2021-07-17,218,1,0,97.497
2021-07-18,207,1,0,110.355
2021-07-19,162,0,1,102.327
2021-07-20,195,0,0,105.352
2021-07-21,159,0,0,94.746
2021-07-22,203,0,0,87.69
2021-07-23,198,0,0,96.745
2021-07-24,214,0,0,107.772
2021-07-25,194,0,0,107.749
2021-07-26,241,0,0,95.694
2021-07-27,212,0,0,91.393
2021-07-28,201,1,0,89.433
2021-07-29,189,0,0,98.634
2021-07-30,178,0,0,101.366
2021-07-31,234,0,0,114.732
2021-08-01,240,0,1,101.233
2021-08-02,199,1,0,106.138
2021-08-03,178,0,0,92.195
2021-08-04,158,0,0,100.417
2021-08-05,230,0,0,101.401
2021-08-06,197,0,0,98.595
2021-08-07,232,0,0,99.782
2021-08-08,183,0,0,101.262
2021-08-09,226,0,1,104.81
2021-08-10,209,0,0,111.691
2021-08-11,209,0,0,77.345
2021-08-12,249,0,0,111.137
2021-08-13,204,0,0,82.892
2021-08-14,179,0,0,103.088
2021-08-15,183,0,0,123.556
2021-08-16,183,0,0,99.575
2021-08-17,187,1,0,101.8
2021-08-18,225,1,0,96.897
2021-08-19,207,0,0,106.673
2021-08-20,205,0,0,103.622
2021-08-21,184,0,0,93.24
2021-08-22,216,1,0,98.856
2021-08-23,217,0,0,88.816
2021-08-24,159,1,0,98.811
2021-08-25,181,0,0,95.806
2021-08-26,169,0,0,101.365
2021-08-27,233,0,1,92.901
2021-08-28,198,0,0,97.856
2021-08-29,200,0,0,100.088
2021-08-30,179,1,0,100.784
2021-08-31,183,0,0,102.743
2021-09-01,198,0,0,98.258
2021-09-02,206,0,0,92.133
2021-09-03,223,0,0,100.821
2021-09-04,162,0,0,98.211
2021-09-05,188,0,0,110.246
2021-09-06,151,0,0,111.507
2021-09-07,198,0,0,86.279
2021-09-08,180,0,0,106.172
2021-09-09,203,1,0,108.177
2021-09-10,134,0,0,86.542
2021-09-11,182,0,0,105.795
2021-09-12,221,0,0,108.96
2021-09-13,183,0,0,90.504
2021-09-14,151,0,0,97.637
2021-09-15,211,0,0,101.863
2021-09-16,159,0,0,105.705
2021-09-17,177,1,0,90.116
2021-09-18,215,0,0,111.57
2021-09-19,240,0,0,79.707
2021-09-20,170,0,0,113.237
2021-09-21,177,0,0,105.503
2021-09-22,185,0,0,93.782
2021-09-23,177,0,0,108.644
2021-09-24,249,0,0,89.522
2021-09-25,209,0,1,101.149
2021-09-26,192,0,0,102.385
2021-09-27,214,0,0,102.361
2021-09-28,211,0,0,91.603
2021-09-29,222,0,0,95.039
2021-09-30,189,0,0,101.267
2021-10-01,209,0,0,92.733
2021-10-02,161,1,0,102.715
2021-10-03,235,1,0,93.859
2021-10-04,227,0,0,110.0
2021-10-05,196,0,0,115.627
2021-10-06,210,0,0,97.025
2021-10-07,173,0,0,109.203
2021-10-08,169,0,0,97.877
2021-10-09,197,0,0,90.636
2021-10-10,223,0,0,95.743
2021-10-11,173,0,0,100.856
2021-10-12,220,0,0,82.13
2021-10-13,162,0,0,106.257
2021-10-14,205,0,0,100.86
2021-10-15,195,0,0,110.005
2021-10-16,168,0,0,106.081
2021-10-17,199,0,0,101.199
2021-10-18,236,0,0,96.442
2021-10-19,181,0,0,115.229
2021-10-20,189,0,0,121.699
2021-10-21,184,0,0,96.609
2021-10-22,160,0,0,110.423
2021-10-23,151,1,0,92.933
2021-10-24,223,0,0,94.123
2021-10-25,185,0,0,96.138
2021-10-26,216,0,0,106.847
2021-10-27,177,0,0,89.251
2021-10-28,238,0,0,115.5
2021-10-29,211,1,0,109.379
2021-10-30,211,1,0,106.615
2021-10-31,224,1,0,97.062
2021-11-01,183,0,0,108.295
2021-11-02,215,1,0,70.826
2021-11-03,227,1,0,104.409
2021-11-04,248,0,0,101.601
2021-11-05,188,0,0,81.138
2021-11-06,207,0,0,104.063
2021-11-07,221,0,0,105.909
2021-11-08,181,0,0,81.463
2021-11-09,215,1,0,88.132
2021-11-10,204,1,0,120.644
2021-11-11,172,1,0,98.136
2021-11-12,160,0,0,109.756
2021-11-13,208,0,0,111.268
2021-11-14,212,0,0,103.939
2021-11-15,202,0,0,110.172
2021-11-16,151,0,0,78.871
2021-11-17,173,0,0,97.695
2021-11-18,208,0,0,69.194
2021-11-19,204,0,0,82.539
2021-11-20,196,0,0,94.54
2021-11-21,186,1,0,93.346
2021-11-22,207,0,0,100.414
2021-11-23,181,0,0,99.793
2021-11-24,183,1,0,101.337
2021-11-25,189,0,0,101.747
2021-11-26,200,0,0,103.329
2021-11-27,200,0,0,90.41
2021-11-28,182,0,0,92.752
2021-11-29,214,0,0,99.631
2021-11-30,174,1,1,99.787
2021-12-01,163,0,0,89.181
2021-12-02,218,0,0,110.816
2021-12-03,207,0,0,107.248
2021-12-04,194,0,0,91.403
2021-12-05,218,0,0,97.916
2021-12-06,219,0,0,120.095
2021-12-07,173,0,0,101.606
2021-12-08,212,0,0,103.957
2021-12-09,157,0,0,93.911
2021-12-10,160,0,0,96.869
2021-12-11,207,0,1,115.113
2021-12-12,244,0,0,101.133
2021-12-13,203,0,0,99.291
2021-12-14,241,0,0,100.076
2021-12-15,221,1,0,125.454
2021-12-16,183,0,0,100.398
2021-12-17,171,1,1,91.699
2021-12-18,229,0,0,93.446
2021-12-19,203,1,0,107.808
2021-12-20,209,0,0,85.715
2021-12-21,144,0,0,104.506
2021-12-22,213,1,0,92.762
2021-12-23,179,0,0,81.412
2021-12-24,143,1,0,90.199
2021-12-25,200,0,0,100.275
2021-12-26,252,0,0,113.952
2021-12-27,258,0,0,109.133
2021-12-28,224,0,0,97.063
2021-12-29,171,0,0,109.722
2021-12-30,170,1,0,96.432
2021-12-31,221,0,0,85.335
2022-01-01,170,0,0,100.211
2022-01-02,226,0,0,84.941
2022-01-03,212,0,0,107.914
2022-01-04,198,0,0,108.059
2022-01-05,152,0,0,91.2
2022-01-06,187,0,1,101.456
2022-01-07,175,0,1,101.36
2022-01-08,171,1,0,108.72
2022-01-09,219,0,0,87.549
2022-01-10,238,0,0,105.995
2022-01-11,203,0,0,86.832
2022-01-12,184,0,0,107.772
2022-01-13,232,0,0,110.627
2022-01-14,200,0,0,93.304
2022-01-15,155,0,0,112.191
2022-01-16,208,1,0,84.26
2022-01-17,191,0,0,110.996
2022-01-18,181,0,0,114.385
2022-01-19,218,0,0,103.458
2022-01-20,190,0,0,98.045
2022-01-21,214,1,0,103.124
2022-01-22,181,0,0,93.962
2022-01-23,181,0,0,126.246
2022-01-24,210,0,0,94.135
2022-01-25,210,0,0,113.174
2022-01-26,207,0,0,92.588
2022-01-27,194,0,0,115.968
2022-01-28,193,0,0,120.123
2022-01-29,172,0,0,103.86
2022-01-30,192,0,0,102.867
2022-01-31,215,1,0,90.434
2022-02-01,153,0,0,89.243
2022-02-02,197,0,0,102.979
2022-02-03,261,1,0,114.582
2022-02-04,177,0,0,94.518
2022-02-05,195,0,0,122.079
2022-02-06,186,0,0,93.899
2022-02-07,192,0,0,102.294
2022-02-08,177,1,0,102.32
2022-02-09,198,0,0,98.985
2022-02-10,185,0,0,79.562
2022-02-11,244,0,0,93.809
2022-02-12,203,0,0,101.996
2022-02-13,153,0,0,99.04
2022-02-14,217,0,0,106.362
2022-02-15,193,0,0,107.568
2022-02-16,165,1,0,97.599
2022-02-17,189,1,0,90.376
2022-02-18,217,1,0,115.483
2022-02-19,141,0,0,86.445
2022-02-20,165,0,0,94.047
2022-02-21,181,0,0,91.5
2022-02-22,183,0,0,107.465
2022-02-23,203,0,0,113.17
2022-02-24,170,0,0,98.263
2022-02-25,198,0,0,102.298
2022-02-26,228,1,0,104.288
2022-02-27,177,0,0,118.04
2022-02-28,201,0,0,82.264
2022-03-01,227,0,0,107.442
2022-03-02,170,1,0,103.765
2022-03-03,219,1,0,96.292
2022-03-04,204,0,0,103.262
2022-03-05,192,0,0,107.408
2022-03-06,230,0,0,105.832
2022-03-07,177,0,0,121.585
2022-03-08,196,0,1,101.275
2022-03-09,199,0,0,100.269
2022-03-10,237,0,0,98.187
2022-03-11,167,0,0,105.53
2022-03-12,236,0,0,99.679
2022-03-13,192,0,0,100.132
2022-03-14,234,0,0,100.178
2022-03-15,190,0,0,98.654
2022-03-16,175,0,0,93.913
2022-03-17,232,0,0,104.181
2022-03-18,201,0,0,97.15
2022-03-19,228,1,0,106.137
2022-03-20,205,0,0,101.108
2022-03-21,151,1,0,96.134
2022-03-22,229,0,0,115.648
2022-03-23,211,0,0,98.977
2022-03-24,228,0,0,106.228
2022-03-25,192,0,0,93.0
2022-03-26,158,0,0,79.745
2022-03-27,239,0,0,94.33
2022-03-28,189,0,0,78.626
2022-03-29,196,0,0,97.631
2022-03-30,210,0,1,114.686
2022-03-31,175,1,1,90.947
2022-04-01,212,0,0,78.94
2022-04-02,234,1,0,115.003
2022-04-03,193,0,0,95.246
2022-04-04,221,0,0,99.843
2022-04-05,152,1,0,107.883
2022-04-06,210,0,0,105.232
2022-04-07,165,0,0,107.505
2022-04-08,240,0,0,109.004
2022-04-09,226,0,0,82.539
2022-04-10,168,0,0,85.857
2022-04-11,188,0,0,111.712
2022-04-12,210,1,0,92.183
2022-04-13,188,0,0,93.274
2022-04-14,227,0,0,87.372
2022-04-15,227,0,0,95.951
2022-04-16,229,1,0,96.507
2022-04-17,206,0,0,90.625
2022-04-18,212,1,0,89.469
2022-04-19,202,0,0,103.187
2022-04-20,206,0,0,91.923
2022-04-21,187,0,0,93.937
2022-04-22,223,1,0,78.137
2022-04-23,215,0,0,119.382
2022-04-24,188,0,0,109.418
2022-04-25,244,0,0,95.052
2022-04-26,235,0,0,91.009
2022-04-27,227,0,0,100.109
2022-04-28,166,1,0,99.835
2022-04-29,216,0,0,87.24
2022-04-30,200,1,1,74.495
2022-05-01,198,0,0,94.739
2022-05-02,237,0,0,84.366
2022-05-03,206,0,0,101.714
2022-05-04,237,0,0,101.781
2022-05-05,218,0,0,90.268
2022-05-06,185,1,0,94.654
2022-05-07,257,0,0,117.63
2022-05-08,235,1,0,107.751
2022-05-09,198,0,0,95.477
2022-05-10,198,1,0,122.92
2022-05-11,223,0,0,88.031
2022-05-12,174,0,0,91.873
2022-05-13,202,0,0,98.895
2022-05-14,194,0,0,84.69
2022-05-15,146,1,1,117.903
2022-05-16,191,0,0,101.832
2022-05-17,188,0,0,92.101
2022-05-18,220,0,0,104.478
2022-05-19,199,0,0,101.461
2022-05-20,205,0,0,96.953
2022-05-21,178,0,0,87.915
2022-05-22,228,0,0,85.638
2022-05-23,205,0,0,121.868
2022-05-24,179,0,0,86.473
2022-05-25,203,0,0,116.98
2022-05-26,184,0,0,91.552
2022-05-27,170,0,0,107.9
2022-05-28,178,0,0,104.654
2022-05-29,214,1,0,106.654
2022-05-30,206,1,0,107.32
2022-05-31,214,0,0,83.884
2022-06-01,227,0,0,93.237
2022-06-02,157,1,0,86.32
2022-06-03,212,0,0,101.893
2022-06-04,197,0,0,86.767
2022-06-05,219,0,0,80.19
2022-06-06,189,1,0,97.625
2022-06-07,205,1,0,77.909
2022-06-08,155,0,0,102.587
2022-06-09,181,1,0,87.424
2022-06-10,220,1,0,91.594
2022-06-11,208,0,0,77.196
2022-06-12,156,1,0,116.501
2022-06-13,237,1,0,85.371
2022-06-14,181,0,0,96.36
2022-06-15,231,0,0,82.083
2022-06-16,228,0,0,91.643
2022-06-17,181,0,1,117.518
2022-06-18,168,1,0,102.975
2022-06-19,200,0,0,92.764
2022-06-20,199,0,0,99.658
2022-06-21,192,1,0,94.394
2022-06-22,180,1,0,99.076
2022-06-23,174,0,0,107.439
2022-06-24,171,1,0,96.689
2022-06-25,217,0,0,102.2
2022-06-26,200,0,0,102.365
2022-06-27,209,0,0,96.739
2022-06-28,227,0,0,92.641
2022-06-29,199,0,0,94.748
2022-06-30,219,0,0,106.992
2022-07-01,183,0,0,107.824
2022-07-02,194,1,0,88.622
2022-07-03,183,0,0,97.39
2022-07-04,192,0,0,92.471
2022-07-05,192,1,0,108.0
2022-07-06,192,0,0,95.288
2022-07-07,181,0,0,122.009
2022-07-08,201,0,0,102.179
2022-07-09,212,1,1,111.82
2022-07-10,216,1,0,89.854
2022-07-11,205,0,0,100.117
2022-07-12,237,0,0,106.162
2022-07-13,243,0,0,89.667
2022-07-14,214,1,0,100.203
2022-07-15,234,0,0,110.519
2022-07-16,241,0,0,96.725
2022-07-17,213,0,0,91.482
2022-07-18,184,0,0,118.03
2022-07-19,220,1,0,88.283
2022-07-20,186,0,0,101.559
2022-07-21,208,1,0,92.917
2022-07-22,235,0,0,90.632
2022-07-23,170,0,0,107.417
2022-07-24,230,0,0,97.945
2022-07-25,181,0,0,104.059
2022-07-26,262,0,0,77.449
2022-07-27,185,1,0,105.031
2022-07-28,213,0,0,92.794
2022-07-29,199,1,0,81.211
2022-07-30,174,0,0,118.847
2022-07-31,230,0,0,106.01
2022-08-01,183,0,0,102.273
2022-08-02,203,1,0,112.494
2022-08-03,216,0,0,102.476
2022-08-04,199,0,0,92.014
2022-08-05,210,0,0,98.25
2022-08-06,182,0,0,93.216
2022-08-07,198,0,0,94.996
2022-08-08,203,0,0,87.423
2022-08-09,177,0,0,90.3
2022-08-10,169,0,0,108.946
2022-08-11,243,0,0,103.321
2022-08-12,208,1,0,94.97
2022-08-13,185,0,0,89.72
2022-08-14,216,0,0,95.946
2022-08-15,204,0,0,83.162
2022-08-16,235,1,0,101.266
2022-08-17,195,0,0,109.455
2022-08-18,181,0,0,123.67
2022-08-19,199,1,0,88.967
2022-08-20,175,1,0,109.038
2022-08-21,219,1,0,92.928
2022-08-22,238,1,0,88.715
2022-08-23,191,1,0,88.711
2022-08-24,225,0,0,101.407
2022-08-25,161,0,0,90.692
2022-08-26,185,1,0,93.932
2022-08-27,192,1,0,95.596
2022-08-28,207,0,0,92.6
2022-08-29,212,0,0,91.874
2022-08-30,149,0,0,75.708
2022-08-31,168,1,1,100.87
2022-09-01,213,0,0,100.677
2022-09-02,252,0,0,92.027
2022-09-03,212,0,0,103.604
2022-09-04,207,1,0,113.969
2022-09-05,213,0,0,100.236
2022-09-06,218,0,0,113.303
2022-09-07,160,0,0,122.381
2022-09-08,195,0,0,125.305
2022-09-09,196,0,0,88.118
2022-09-10,226,0,0,88.169
2022-09-11,217,0,0,95.556
2022-09-12,202,0,0,101.287
2022-09-13,224,0,0,115.867
2022-09-14,209,0,0,106.272
2022-09-15,222,1,0,87.967
2022-09-16,167,0,0,93.883
2022-09-17,181,0,0,99.58
2022-09-18,214,0,0,85.108
2022-09-19,243,0,0,100.137
2022-09-20,227,0,0,88.116
2022-09-21,160,0,0,83.493
2022-09-22,192,0,0,90.53
2022-09-23,190,0,0,104.11
2022-09-24,162,0,0,104.041
2022-09-25,227,1,0,100.967
2022-09-26,183,0,0,109.916
2022-09-27,226,0,0,108.856
2022-09-28,214,0,0,102.044
2022-09-29,181,0,1,100.664
2022-09-30,237,0,0,101.295
2022-10-01,200,0,0,98.524
2022-10-02,180,1,0,78.257
2022-10-03,186,0,0,111.355
2022-10-04,221,0,0,103.975
2022-10-05,255,0,0,87.837
2022-10-06,175,0,0,114.278
2022-10-07,240,0,0,94.1
2022-10-08,188,0,0,98.922
2022-10-09,155,0,0,110.236
2022-10-10,193,1,0,102.201
2022-10-11,200,0,0,113.354
2022-10-12,207,0,0,96.479
2022-10-13,208,0,1,116.912
2022-10-14,196,0,0,92.222
2022-10-15,175,0,0,113.176
2022-10-16,152,1,0,77.349
2022-10-17,151,0,0,88.998
2022-10-18,169,0,0,102.98
2022-10-19,187,0,1,95.996
2022-10-20,236,0,0,99.253
2022-10-21,199,0,0,100.417
2022-10-22,221,0,0,88.091
2022-10-23,160,0,0,88.841
2022-10-24,179,0,0,102.321
2022-10-25,224,0,0,93.337
2022-10-26,198,1,0,113.41
2022-10-27,173,0,0,98.081
2022-10-28,207,1,0,107.188
2022-10-29,217,0,0,104.429
2022-10-30,172,0,0,93.988
2022-10-31,158,0,0,80.197
2022-11-01,207,1,0,111.849
2022-11-02,177,1,0,90.211
2022-11-03,238,0,0,95.962
2022-11-04,191,1,0,98.492
2022-11-05,220,0,0,99.49
2022-11-06,173,0,0,109.62
2022-11-07,214,0,0,100.058
2022-11-08,179,0,0,98.726
2022-11-09,191,0,0,110.185
2022-11-10,168,0,0,106.007
2022-11-11,199,0,0,92.644
2022-11-12,193,0,0,88.528
2022-11-13,228,0,0,91.763
2022-11-14,198,0,0,99.508
2022-11-15,224,0,0,87.539
2022-11-16,218,0,0,100.908
2022-11-17,190,1,0,98.708
2022-11-18,247,1,0,74.575
2022-11-19,219,0,0,85.938
2022-11-20,234,0,0,71.142
2022-11-21,196,0,0,96.561
2022-11-22,186,0,0,110.74
2022-11-23,156,0,0,81.093
2022-11-24,178,1,0,86.777
2022-11-25,222,1,0,98.363
2022-11-26,241,1,0,89.362
2022-11-27,187,0,1,89.313
2022-11-28,201,0,0,105.416
2022-11-29,206,0,0,95.051
2022-11-30,179,0,0,85.133
2022-12-01,227,0,0,79.123
2022-12-02,221,0,0,122.084
2022-12-03,209,0,0,111.283
2022-12-04,209,0,0,95.484
2022-12-05,176,0,1,100.879
2022-12-06,111,0,0,95.115
2022-12-07,246,0,0,105.105
2022-12-08,194,0,0,91.458
2022-12-09,169,0,0,94.568
2022-12-10,185,0,0,104.554
2022-12-11,203,0,0,114.539
2022-12-12,191,0,0,107.414
2022-12-13,185,1,0,112.339
2022-12-14,210,0,0,96.876
2022-12-15,189,1,0,93.77
2022-12-16,177,0,0,80.616
2022-12-17,166,0,0,100.722
2022-12-18,179,0,0,103.79
2022-12-19,229,0,0,97.0
2022-12-20,224,0,0,92.233
2022-12-21,200,0,0,112.434
2022-12-22,161,1,0,106.318
2022-12-23,212,0,1,113.128
2022-12-24,211,0,0,90.464
2022-12-25,185,0,0,92.918
2022-12-26,229,0,0,112.032
2022-12-27,199,0,1,99.527
2022-12-28,185,0,0,94.309
2022-12-29,189,0,0,95.005
2022-12-30,221,0,0,99.889
2022-12-31,176,1,1,110.03
2023-01-01,185,0,0,98.395
2023-01-02,233,0,0,107.905
2023-01-03,260,0,0,104.674
2023-01-04,147,0,0,91.217
2023-01-05,224,1,0,91.209
2023-01-06,164,0,0,95.497
2023-01-07,216,1,0,86.632
2023-01-08,164,0,0,94.859
2023-01-09,186,0,0,115.134
2023-01-10,182,0,0,99.686
2023-01-11,152,1,0,92.335
2023-01-12,222,1,0,119.157
2023-01-13,221,0,0,90.694
2023-01-14,207,0,0,90.381
2023-01-15,214,0,0,112.295
2023-01-16,217,0,0,106.613
2023-01-17,203,0,0,98.699
2023-01-18,175,0,0,108.319
2023-01-19,211,0,0,103.006
2023-01-20,186,0,0,88.138
2023-01-21,231,1,0,76.024
2023-01-22,224,1,0,94.327
2023-01-23,174,0,0,110.849
2023-01-24,221,1,0,95.715
2023-01-25,177,0,0,104.601
2023-01-26,204,1,1,101.845
2023-01-27,179,0,0,83.065
2023-01-28,212,0,0,95.936
2023-01-29,236,0,0,103.589
2023-01-30,209,1,0,92.129
2023-01-31,236,1,0,96.375
2023-02-01,196,0,0,103.917
2023-02-02,188,0,0,100.726
2023-02-03,182,0,0,110.469
2023-02-04,212,1,0,103.837
2023-02-05,201,0,1,90.442
2023-02-06,239,0,0,95.225
2023-02-07,172,0,0,100.203
2023-02-08,191,0,0,113.384
2023-02-09,176,0,0,95.265
2023-02-10,227,1,0,82.674
2023-02-11,184,0,0,104.406
2023-02-12,223,0,0,92.444
2023-02-13,202,1,0,87.147
2023-02-14,191,0,0,100.188
2023-02-15,215,0,0,109.729
2023-02-16,224,0,0,94.261
2023-02-17,183,0,0,104.966
2023-02-18,206,0,0,106.819
2023-02-19,185,1,1,107.918
2023-02-20,149,0,0,92.677
2023-02-21,204,0,0,88.789
2023-02-22,181,0,0,90.152
2023-02-23,201,0,0,107.91
2023-02-24,207,0,0,106.674
2023-02-25,161,0,0,90.428
2023-02-26,186,1,0,121.326
2023-02-27,172,0,0,89.236
2023-02-28,202,0,0,109.995
2023-03-01,191,0,0,115.197
2023-03-02,236,0,0,101.098
2023-03-03,210,0,0,92.303
2023-03-04,186,0,0,92.521
2023-03-05,210,1,0,97.379
2023-03-06,218,0,0,110.809
2023-03-07,218,0,0,88.001
2023-03-08,178,1,0,81.612
2023-03-09,171,0,0,103.621
2023-03-10,159,0,0,105.816
2023-03-11,200,0,0,119.68
2023-03-12,172,1,0,86.177
2023-03-13,248,1,0,98.652
2023-03-14,178,0,0,111.618
2023-03-15,195,0,0,101.209
2023-03-16,232,0,0,98.046
2023-03-17,203,0,0,107.899
2023-03-18,197,0,0,94.006
2023-03-19,169,0,0,108.514
2023-03-20,208,1,0,87.464
2023-03-21,221,0,0,84.806
2023-03-22,182,0,0,97.264
2023-03-23,193,1,0,74.367
2023-03-24,239,0,0,100.847
2023-03-25,212,0,0,82.674
2023-03-26,209,1,0,102.824
2023-03-27,189,0,0,101.855
2023-03-28,179,0,0,99.32
2023-03-29,203,0,0,104.364
2023-03-30,189,0,0,102.042
2023-03-31,221,0,0,97.07
2023-04-01,174,0,0,118.31
2023-04-02,206,0,0,103.933
2023-04-03,189,0,1,107.719
2023-04-04,187,0,0,110.731
2023-04-05,189,0,0,106.681
2023-04-06,159,0,0,120.628
2023-04-07,167,0,0,101.66
2023-04-08,180,0,0,99.93
2023-04-09,185,1,0,93.504
2023-04-10,187,0,0,97.437
2023-04-11,185,0,0,92.688
2023-04-12,232,0,1,106.772
2023-04-13,179,0,0,90.877
2023-04-14,221,0,0,100.738
2023-04-15,176,0,0,105.595
2023-04-16,161,0,0,101.503
2023-04-17,193,0,0,91.041
2023-04-18,199,0,0,106.989
2023-04-19,167,0,1,99.147
2023-04-20,194,0,1,71.273
2023-04-21,209,1,0,90.166
2023-04-22,271,0,0,114.011
2023-04-23,183,0,0,114.843
2023-04-24,164,0,0,105.261
2023-04-25,185,0,0,107.841
2023-04-26,206,0,0,92.217
2023-04-27,237,0,0,97.399
2023-04-28,202,0,0,112.354
2023-04-29,198,0,0,104.259
2023-04-30,202,0,0,100.649
2023-05-01,196,0,1,98.132
2023-05-02,151,1,0,111.745
2023-05-03,217,0,0,111.22
2023-05-04,182,0,0,106.497
2023-05-05,233,0,0,100.663
2023-05-06,174,0,0,96.432
2023-05-07,226,0,0,106.93
2023-05-08,226,0,0,88.981
2023-05-09,232,0,0,91.054
2023-05-10,213,0,0,85.489
2023-05-11,238,0,0,112.352
2023-05-12,203,0,0,92.793
2023-05-13,228,0,0,104.04
2023-05-14,175,0,0,98.744
2023-05-15,174,1,0,128.975
2023-05-16,150,0,0,104.419
2023-05-17,187,0,0,81.379
2023-05-18,203,0,0,111.754
2023-05-19,220,1,0,96.128
2023-05-20,188,1,0,97.991
2023-05-21,197,0,0,93.275
2023-05-22,177,0,0,101.956
2023-05-23,178,0,0,101.825
2023-05-24,175,0,0,93.545
2023-05-25,220,0,0,94.919
2023-05-26,258,0,0,101.013
2023-05-27,212,0,0,76.573
2023-05-28,194,0,0,85.585
2023-05-29,224,0,0,116.7
2023-05-30,224,0,0,103.278
2023-05-31,162,1,0,94.751
2023-06-01,212,0,0,83.039
2023-06-02,223,0,0,99.437
2023-06-03,238,0,0,109.852
2023-06-04,242,1,0,126.392
2023-06-05,218,0,0,118.921
2023-06-06,252,0,0,91.131
2023-06-07,201,0,1,95.042
2023-06-08,195,0,0,85.285
2023-06-09,210,0,0,91.583
2023-06-10,209,0,0,97.872
2023-06-11,195,0,0,96.329
2023-06-12,239,0,0,120.546
2023-06-13,186,0,0,86.846
2023-06-14,174,1,0,99.549
2023-06-15,189,0,0,79.365
2023-06-16,182,0,1,103.309
2023-06-17,245,1,0,86.583
2023-06-18,243,0,0,111.026
2023-06-19,153,1,0,97.09
2023-06-20,205,1,0,85.98
2023-06-21,212,0,0,78.973
2023-06-22,152,0,0,90.214
2023-06-23,183,0,1,102.394
2023-06-24,181,0,0,104.215
2023-06-25,184,0,0,95.016
2023-06-26,226,0,0,109.258
2023-06-27,197,0,0,88.643
2023-06-28,174,0,0,70.729
2023-06-29,210,0,0,102.826
2023-06-30,211,0,0,112.901
2023-07-01,165,0,0,112.993
2023-07-02,206,0,0,87.002
2023-07-03,195,1,0,94.553
2023-07-04,186,0,1,107.238
2023-07-05,235,0,0,93.729
2023-07-06,182,0,0,101.054
2023-07-07,188,1,0,92.836
2023-07-08,164,0,0,89.106
2023-07-09,217,1,0,91.036
2023-07-10,187,0,0,109.557
2023-07-11,224,0,0,100.138
2023-07-12,159,0,0,112.719
2023-07-13,207,0,0,105.204
2023-07-14,175,0,0,116.065
2023-07-15,204,0,0,108.181
2023-07-16,195,1,0,107.593
2023-07-17,228,0,0,98.795
2023-07-18,198,1,0,130.092
2023-07-19,200,0,0,101.127
2023-07-20,208,0,0,80.266
2023-07-21,216,0,0,102.68
2023-07-22,236,0,0,90.177
2023-07-23,196,1,0,110.17
2023-07-24,163,0,0,107.258
2023-07-25,170,0,0,98.085
2023-07-26,233,0,0,91.121
2023-07-27,197,0,0,101.464
2023-07-28,196,0,0,93.588
2023-07-29,165,0,0,107.878
2023-07-30,147,0,0,105.56
2023-07-31,235,0,0,129.36
2023-08-01,225,0,0,95.549
2023-08-02,231,0,0,96.966
2023-08-03,215,0,0,98.452
2023-08-04,219,0,0,98.89
2023-08-05,179,1,0,110.271
2023-08-06,180,1,0,97.237
2023-08-07,212,0,0,119.724
2023-08-08,250,0,0,105.823
2023-08-09,171,0,0,95.143
2023-08-10,187,0,0,92.588
2023-08-11,176,0,0,110.409
2023-08-12,243,0,0,100.285
2023-08-13,256,1,0,100.091
2023-08-14,195,0,0,94.015
2023-08-15,200,0,0,99.386
2023-08-16,220,0,0,93.61
2023-08-17,191,1,0,113.617
2023-08-18,203,0,0,107.171
2023-08-19,210,0,0,98.252
2023-08-20,201,1,0,98.105
2023-08-21,239,0,0,100.922
2023-08-22,153,0,0,99.945
2023-08-23,184,0,0,90.431
2023-08-24,198,0,0,80.992
2023-08-25,206,0,0,92.023
2023-08-26,217,1,0,98.715
2023-08-27,213,0,0,92.622
2023-08-28,186,0,0,108.193
2023-08-29,175,0,0,97.708
2023-08-30,222,0,0,118.736
2023-08-31,182,0,0,94.385
2023-09-01,210,1,1,101.407
2023-09-02,186,1,0,97.111
2023-09-03,226,0,0,104.398
2023-09-04,202,0,0,110.658
2023-09-05,196,0,0,106.083
2023-09-06,218,1,0,79.692
2023-09-07,240,0,0,104.999
2023-09-08,197,0,0,89.891
2023-09-09,192,1,1,96.902
2023-09-10,227,0,1,106.893
2023-09-11,159,0,0,88.802
2023-09-12,188,0,0,111.559
2023-09-13,234,0,0,96.466
2023-09-14,211,0,0,121.709
2023-09-15,185,0,0,100.687
2023-09-16,191,0,0,117.053
2023-09-17,188,0,0,111.977
2023-09-18,198,0,0,93.889
2023-09-19,218,1,0,86.983
2023-09-20,207,0,0,101.136
2023-09-21,135,0,0,94.174
2023-09-22,205,0,0,115.797
2023-09-23,249,0,0,97.531
2023-09-24,166,0,0,96.996
2023-09-25,179,0,0,86.041
2023-09-26,206,1,0,104.192
2023-09-27,231,0,1,88.258
2023-09-28,188,0,0,104.424
2023-09-29,242,1,0,105.801
2023-09-30,240,0,0,92.503
2023-10-01,206,0,0,109.566
2023-10-02,217,0,0,97.251
2023-10-03,200,0,0,85.288
2023-10-04,186,1,0,115.453
2023-10-05,203,0,1,90.765
2023-10-06,191,0,0,105.071
2023-10-07,203,1,0,104.258
2023-10-08,208,0,0,103.892
2023-10-09,229,0,0,103.719
2023-10-10,179,0,0,90.298
2023-10-11,195,1,0,116.913
2023-10-12,195,0,0,109.562
2023-10-13,180,0,0,104.751
2023-10-14,181,0,0,86.67
2023-10-15,176,1,0,90.216
2023-10-16,186,1,0,106.575
2023-10-17,214,0,0,79.963
2023-10-18,164,1,0,103.387
2023-10-19,221,1,0,86.688
2023-10-20,189,0,0,91.32
2023-10-21,222,0,0,85.889
2023-10-22,170,0,0,102.461
2023-10-23,204,0,0,111.164
2023-10-24,212,0,0,103.48
2023-10-25,186,0,0,104.578
2023-10-26,193,0,0,101.68
2023-10-27,195,0,0,106.827
2023-10-28,213,1,0,104.671
2023-10-29,188,0,0,72.849
2023-10-30,162,0,0,109.063
2023-10-31,199,1,0,108.012
2023-11-01,200,0,0,96.377
2023-11-02,197,1,0,80.258
2023-11-03,180,0,0,102.425
2023-11-04,179,0,0,103.267
2023-11-05,181,0,0,95.595
2023-11-06,213,0,0,101.867
2023-11-07,214,0,0,110.718
2023-11-08,245,0,0,123.975
2023-11-09,226,0,0,101.469
2023-11-10,196,0,0,103.339
2023-11-11,205,0,0,91.762
2023-11-12,211,0,0,94.986
2023-11-13,220,0,1,98.64
2023-11-14,175,1,0,111.777
2023-11-15,204,0,0,108.19
2023-11-16,196,0,0,119.294
2023-11-17,211,0,0,85.098
2023-11-18,207,0,0,86.763
2023-11-19,222,1,0,111.021
2023-11-20,210,1,0,114.489
2023-11-21,207,0,0,100.331
2023-11-22,228,0,0,55.344
2023-11-23,189,0,0,92.565
2023-11-24,184,0,0,103.355
2023-11-25,201,0,0,91.006
2023-11-26,209,0,0,101.851
2023-11-27,195,0,0,118.986
2023-11-28,209,0,0,114.261
2023-11-29,217,0,0,108.089
2023-11-30,174,0,0,99.356
2023-12-01,215,1,0,95.053
2023-12-02,211,0,0,107.578
2023-12-03,179,1,0,100.254
2023-12-04,229,0,0,100.597
2023-12-05,204,0,0,84.488
2023-12-06,202,1,0,92.855
2023-12-07,241,0,0,107.519
2023-12-08,230,0,1,88.989
2023-12-09,214,0,0,102.657
2023-12-10,236,1,0,104.125
2023-12-11,178,0,0,104.709
2023-12-12,190,0,0,105.603
2023-12-13,210,0,0,106.277
2023-12-14,199,0,0,93.762
2023-12-15,189,0,0,85.323
2023-12-16,165,0,0,91.265
2023-12-17,251,0,0,107.299
2023-12-18,167,1,0,87.992
2023-12-19,186,0,0,89.594
2023-12-20,206,1,0,89.539
2023-12-21,198,0,0,81.54
2023-12-22,148,0,0,88.53
2023-12-23,158,0,0,110.004
2023-12-24,168,0,0,92.832
2023-12-25,192,1,0,82.511
2023-12-26,221,0,0,94.884
2023-12-27,199,0,0,105.105
2023-12-28,171,0,0,81.692
2023-12-29,207,0,0,109.533
2023-12-30,154,0,0,85.59
2023-12-31,146,0,0,96.045
